<?xml version="1.0" encoding="UTF-8"?>
<!DOCTYPE mapper PUBLIC "-//mybatis.org//DTD Mapper 3.0//EN" "http://mybatis.org/dtd/mybatis-3-mapper.dtd">
<mapper namespace="com.example.usermicro.Mapper.UserMapper">
    <resultMap id="resultMap" type="com.example.usermicro.Model.User">
        <id column="ID" property="id" jdbcType="INTEGER" />
        <result column="NAME" property="name" jdbcType="VARCHAR" />
        <result column="TICKETS" property="tickets" jdbcType="INTEGER" />
    </resultMap>
    <select id="getUsers" resultMap="resultMap">
        select * from users
    </select>
    <select id="findUser" resultMap="resultMap">
        select * from users where {id} = #{uid}
    </select>
    <update id="addTicket">
        UPDATE users SET tickets = tickets + 1 where {id} = #{uid}
    </update>
    <select id="getEligibleUser" resultMap="resultMap">
        select * from users where tickets &lt; 5 LIMIT 1
    </select>

</mapper>